product_id,handle,title,status,created_at
9415382008043,414-utv-bead-grip-matte-black-mr41447047543,Method 414 14x7 4x136 13mm UTV Bead Grip Matte Black MR41447047543,active,2026-04-22T16:49:27-05:00
9415382073579,414-utv-bead-grip-matte-black-mr41447047552,Method 414 14x7 4x136 38mm UTV Bead Grip Matte Black MR41447047552,active,2026-04-22T16:49:35-05:00
9415382040811,414-utv-bead-grip-matte-black-mr41447046543,Method 414 14x7 4x156 13mm UTV Bead Grip Matte Black MR41447046543,active,2026-04-22T16:49:31-05:00
9415382106347,414-utv-bead-grip-matte-black-mr41447046552,Method 414 14x7 4x156 38mm UTV Bead Grip Matte Black MR41447046552,active,2026-04-22T16:49:39-05:00
9415381876971,414-utv-bead-grip-graphite-mr414510471264,Method 414 15x10 4x136 25mm UTV Bead Grip Gloss Graphite MR414510471264,active,2026-04-22T16:49:16-05:00
9415382401259,414-utv-bead-grip-matte-black-mr41451047564,Method 414 15x10 4x136 25mm UTV Bead Grip Matte Black MR41451047564,active,2026-04-22T16:50:05-05:00
9415381909739,414-utv-bead-grip-graphite-mr414510461264,Method 414 15x10 4x156 25mm UTV Bead Grip Gloss Graphite MR414510461264,active,2026-04-22T16:49:20-05:00
9415382434027,414-utv-bead-grip-matte-black-mr41451046564,Method 414 15x10 4x156 25mm UTV Bead Grip Matte Black MR41451046564,active,2026-04-22T16:50:10-05:00
9415381942507,414-utv-bead-grip-graphite-mr414510121264,Method 414 15x10 5x114.3 (5x4.5) 25mm UTV Bead Grip Gloss Graphite MR414510121264,active,2026-04-22T16:49:24-05:00
9415382466795,414-utv-bead-grip-matte-black-mr41451012564,Method 414 15x10 5x114.3 (5x4.5) 25mm UTV Bead Grip Matte Black MR41451012564,active,2026-04-22T16:50:13-05:00
9415382139115,414-utv-bead-grip-matte-black-mr41457047543,Method 414 15x7 4x136 13mm UTV Bead Grip Matte Black MR41457047543,active,2026-04-22T16:49:42-05:00
9415381778667,414-utv-bead-grip-graphite-mr414570471252,Method 414 15x7 4x136 38mm UTV Bead Grip Gloss Graphite MR414570471252,active,2026-04-22T16:49:04-05:00
9415382302955,414-utv-bead-grip-matte-black-mr41457047552,Method 414 15x7 4x136 38mm UTV Bead Grip Matte Black MR41457047552,active,2026-04-22T16:49:54-05:00
9415382204651,414-utv-bead-grip-matte-black-mr41457046543,Method 414 15x7 4x156 13mm UTV Bead Grip Matte Black MR41457046543,active,2026-04-22T16:49:46-05:00
9415381811435,414-utv-bead-grip-graphite-mr414570461252,Method 414 15x7 4x156 38mm UTV Bead Grip Gloss Graphite MR414570461252,active,2026-04-22T16:49:08-05:00
9415382335723,414-utv-bead-grip-matte-black-mr41457046552,Method 414 15x7 4x156 38mm UTV Bead Grip Matte Black MR41457046552,active,2026-04-22T16:49:58-05:00
9415381713131,414-utv-bead-grip-graphite-mr414570121243,Method 414 15x7 5x114.3 (5x4.5) 13mm UTV Bead Grip Gloss Graphite MR414570121243,active,2026-04-22T16:49:00-05:00
9415382237419,414-utv-bead-grip-matte-black-mr41457012543,Method 414 15x7 5x114.3 (5x4.5) 13mm UTV Bead Grip Matte Black MR41457012543,active,2026-04-22T16:49:50-05:00
9415381844203,414-utv-bead-grip-graphite-mr414570121252,Method 414 15x7 5x114.3 (5x4.5) 38mm UTV Bead Grip Gloss Graphite MR414570121252,active,2026-04-22T16:49:12-05:00
9415382368491,414-utv-bead-grip-matte-black-mr41457012552,Method 414 15x7 5x114.3 (5x4.5) 38mm UTV Bead Grip Matte Black MR41457012552,active,2026-04-22T16:50:01-05:00
9415382892779,mr501-rally-vt-spec-mr50157051548sc,Method 501 15x7 5x100 48mm VT-Spec Matte Black MR50157051548SC,active,2026-04-22T16:50:38-05:00
9415382958315,501-vt-spec-bronze-mr50157051948sc,Method 501 15x7 5x100 48mm VT-Spec Method Bronze MR50157051948SC,active,2026-04-22T16:50:45-05:00
9415382925547,mr501-rally-vt-spec-mr50157012548sc,Method 501 15x7 5x114.3 (5x4.5) 48mm VT-Spec Matte Black MR50157012548SC,active,2026-04-22T16:50:41-05:00
9415382565099,501-rally-method-bronze-mr50178051942-2,Method 501 17x8.0 5x100 42mm Rally Method Bronze MR50178051942-2,active,2026-04-22T16:50:21-05:00
9415382532331,501-rally-matte-black-mr50178012542,Method 501 17x8.0 5x114.3 (5x4.5) 42mm Rally Matte Black MR50178012542,active,2026-04-22T16:50:17-05:00
9415382597867,501-rally-method-bronze-mr50178012942-2,Method 501 17x8.0 5x114.3 (5x4.5) 42mm Rally Method Bronze MR50178012942-2,active,2026-04-22T16:50:25-05:00
9415382761707,501-rally-titanium-mr50178012842,Method 501 17x8.0 5x114.3 (5x4.5) 42mm Rally Titanium MR50178012842,active,2026-04-22T16:50:33-05:00
9415382663403,501-rally-titanium-mr50178012842-2,Method 501 17x8.0 5x114.3 (5x4.5) 42mm Rally Titanium MR50178012842-2,active,2026-04-22T16:50:29-05:00
9415383974123,502-vt-spec-bronze-mr50257012915sc,Method 502 15x7 5x114.3 (5x4.5) 15mm VT-Spec Method Bronze MR50257012915SC,active,2026-04-22T16:52:06-05:00
9415383056619,502-rally-matte-black-mr50267051515-2,Method 502 16x7 5x100 15mm Rally Matte Black MR50267051515-2,active,2026-04-22T16:50:53-05:00
9415383089387,502-rally-matte-black-mr50267051530-2,Method 502 16x7 5x100 30mm Rally Matte Black MR50267051530-2,active,2026-04-22T16:50:57-05:00
9415383154923,502-rally-matte-black-mr50267049530-2,Method 502 16x7 5x108 (5x4.25) 30mm Rally Matte Black MR50267049530-2,active,2026-04-22T16:51:05-05:00
9415383187691,502-rally-matte-black-mr50267054530-2,Method 502 16x7 5x110 30mm Rally Matte Black MR50267054530-2,active,2026-04-22T16:51:09-05:00
9415383220459,502-rally-matte-black-mr50267057530-2,Method 502 16x7 5x112 30mm Rally Matte Black MR50267057530-2,active,2026-04-22T16:51:13-05:00
9415382991083,502-rally-matte-black-mr50267012515-2,Method 502 16x7 5x114.3 (5x4.5) 15mm Rally Matte Black MR50267012515-2,active,2026-04-22T16:50:50-05:00
9415383122155,502-rally-matte-black-mr50267012530-2,Method 502 16x7 5x114.3 (5x4.5) 30mm Rally Matte Black MR50267012530-2,active,2026-04-22T16:51:01-05:00
9415383318763,502-rally-matte-black-mr50278051538-2,Method 502 17x8 5x100 38mm Rally Matte Black MR50278051538-2,active,2026-04-22T16:51:18-05:00
9415383515371,502-rally-method-bronze-mr50278051938-2,Method 502 17x8 5x100 38mm Rally Method Bronze MR50278051938-2,active,2026-04-22T16:51:39-05:00
9415383384299,502-rally-matte-black-mr50278049538-2,Method 502 17x8 5x108 (5x4.25) 38mm Rally Matte Black MR50278049538-2,active,2026-04-22T16:51:27-05:00
9415383351531,502-rally-matte-black-mr50278012538-2,Method 502 17x8 5x114.3 (5x4.5) 38mm Rally Matte Black MR50278012538-2,active,2026-04-22T16:51:22-05:00
9415383580907,502-rally-method-bronze-mr50278012938-2,Method 502 17x8 5x114.3 (5x4.5) 38mm Rally Method Bronze MR50278012938-2,active,2026-04-22T16:51:43-05:00
9415383417067,502-rally-matte-black-mr50288012538-2,Method 502 18x8 5x114.3 (5x4.5) 38mm Rally Matte Black MR50288012538-2,active,2026-04-22T16:51:31-05:00
9415384039659,605-nv-gloss-titanium-mr60521050824n,Method 605 20x10 5x127 (5x5) -24mm NV Gloss Titanium MR60521050824N,active,2026-04-22T16:52:10-05:00
9415384400107,605-nv-machined-clear-coat-mr60521050324n,Method 605 20x10 5x127 (5x5) -24mm NV Machined - Clear Coat MR60521050324N,active,2026-04-22T16:52:37-05:00
9415384989931,605-nv-matte-black-mr60521050524n,Method 605 20x10 5x127 (5x5) -24mm NV Matte Black MR60521050524N,active,2026-04-22T16:53:32-05:00
9415385481451,605-nv-bronze-mr60521050924n,Method 605 20x10 5x127 (5x5) -24mm NV Method Bronze MR60521050924N,active,2026-04-22T16:54:16-05:00
9415384170731,605-nv-gloss-titanium-mr60521055824n,Method 605 20x10 5x139.7 (5x5.5) -24mm NV Gloss Titanium MR60521055824N,active,2026-04-22T16:52:18-05:00
9415384432875,605-nv-machined-clear-coat-mr60521055324n,Method 605 20x10 5x139.7 (5x5.5) -24mm NV Machined - Clear Coat MR60521055324N,active,2026-04-22T16:52:41-05:00
9415385055467,605-nv-matte-black-mr60521055524n,Method 605 20x10 5x139.7 (5x5.5) -24mm NV Matte Black MR60521055524N,active,2026-04-22T16:53:36-05:00
9415385514219,605-nv-bronze-mr60521055924n,Method 605 20x10 5x139.7 (5x5.5) -24mm NV Method Bronze MR60521055924N,active,2026-04-22T16:54:20-05:00
9415384137963,605-nv-gloss-titanium-mr60521016824n,Method 605 20x10 6x135 -24mm NV Gloss Titanium MR60521016824N,active,2026-04-22T16:52:14-05:00
9415384498411,605-nv-machined-clear-coat-mr60521016324n,Method 605 20x10 6x135 -24mm NV Machined - Clear Coat MR60521016324N,active,2026-04-22T16:52:44-05:00
9415385121003,605-nv-matte-black-mr60521016524n,Method 605 20x10 6x135 -24mm NV Matte Black MR60521016524N,active,2026-04-22T16:53:39-05:00
9415385579755,605-nv-bronze-mr60521016924n,Method 605 20x10 6x135 -24mm NV Method Bronze MR60521016924N,active,2026-04-22T16:54:28-05:00
9415384203499,605-nv-gloss-titanium-mr60521060824n,Method 605 20x10 6x139.7 (6x5.5) -24mm NV Gloss Titanium MR60521060824N,active,2026-04-22T16:52:21-05:00
9415384531179,605-nv-machined-clear-coat-mr60521060324n,Method 605 20x10 6x139.7 (6x5.5) -24mm NV Machined - Clear Coat MR60521060324N,active,2026-04-22T16:52:48-05:00
9415385153771,605-nv-matte-black-mr60521060524n,Method 605 20x10 6x139.7 (6x5.5) -24mm NV Matte Black MR60521060524N,active,2026-04-22T16:53:44-05:00
9415385546987,605-nv-bronze-mr60521060924n,Method 605 20x10 6x139.7 (6x5.5) -24mm NV Method Bronze MR60521060924N,active,2026-04-22T16:54:24-05:00
9415384236267,605-nv-gloss-titanium-mr60521080824n,Method 605 20x10 8x165.1 (8x6.5) -24mm NV Gloss Titanium MR60521080824N,active,2026-04-22T16:52:25-05:00
9415384563947,605-nv-machined-clear-coat-mr60521080324n,Method 605 20x10 8x165.1 (8x6.5) -24mm NV Machined - Clear Coat MR60521080324N,active,2026-04-22T16:52:52-05:00
9415385219307,605-nv-matte-black-mr60521080524n,Method 605 20x10 8x165.1 (8x6.5) -24mm NV Matte Black MR60521080524N,active,2026-04-22T16:53:48-05:00
9415385678059,605-nv-bronze-mr60521080924n,Method 605 20x10 8x165.1 (8x6.5) -24mm NV Method Bronze MR60521080924N,active,2026-04-22T16:54:36-05:00
9415384301803,605-nv-gloss-titanium-mr60521087824n,Method 605 20x10 8x170 -24mm NV Gloss Titanium MR60521087824N,active,2026-04-22T16:52:29-05:00
9415384596715,605-nv-machined-clear-coat-mr60521087324n,Method 605 20x10 8x170 -24mm NV Machined - Clear Coat MR60521087324N,active,2026-04-22T16:52:56-05:00
9415385252075,605-nv-matte-black-mr60521087524n,Method 605 20x10 8x170 -24mm NV Matte Black MR60521087524N,active,2026-04-22T16:53:52-05:00
9415385612523,605-nv-bronze-mr60521087924n,Method 605 20x10 8x170 -24mm NV Method Bronze MR60521087924N,active,2026-04-22T16:54:32-05:00
9415384367339,605-nv-gloss-titanium-mr60521088824n,Method 605 20x10 8x180 -24mm NV Gloss Titanium MR60521088824N,active,2026-04-22T16:52:34-05:00
9415384629483,605-nv-machined-clear-coat-mr60521088324n,Method 605 20x10 8x180 -24mm NV Machined - Clear Coat MR60521088324N,active,2026-04-22T16:52:59-05:00
9415385284843,605-nv-matte-black-mr60521088524n,Method 605 20x10 8x180 -24mm NV Matte Black MR60521088524N,active,2026-04-22T16:53:56-05:00
9415385448683,605-nv-matte-black-mr60521260552n,Method 605 20x12 6x139.7 (6x5.5) -52mm NV Matte Black MR60521260552N,active,2026-04-22T16:54:13-05:00
9415385743595,605-nv-bronze-mr60521260952n,Method 605 20x12 6x139.7 (6x5.5) -52mm NV Method Bronze MR60521260952N,active,2026-04-22T16:54:41-05:00
9415385383147,605-nv-matte-black-mr60521280552n,Method 605 20x12 8x165.1 (8x6.5) -52mm NV Matte Black MR60521280552N,active,2026-04-22T16:54:09-05:00
9415385776363,605-nv-bronze-mr60521280952n,Method 605 20x12 8x165.1 (8x6.5) -52mm NV Method Bronze MR60521280952N,active,2026-04-22T16:54:44-05:00
9415385350379,605-nv-matte-black-mr60521287552n,Method 605 20x12 8x170 -52mm NV Matte Black MR60521287552N,active,2026-04-22T16:54:05-05:00
9415385809131,605-nv-bronze-mr60521287952n,Method 605 20x12 8x170 -52mm NV Method Bronze MR60521287952N,active,2026-04-22T16:54:48-05:00
9415385317611,605-nv-matte-black-mr60521288552n,Method 605 20x12 8x180 -52mm NV Matte Black MR60521288552N,active,2026-04-22T16:54:00-05:00
9415384662251,605-nv-matte-black-mr60529050512n,Method 605 20x9 5x127 (5x5) -12mm NV Matte Black MR60529050512N,active,2026-04-22T16:53:04-05:00
9415384695019,605-nv-matte-black-mr60529058512n,Method 605 20x9 5x150 -12mm NV Matte Black MR60529058512N,active,2026-04-22T16:53:08-05:00
9415384727787,605-nv-matte-black-mr60529016512n,Method 605 20x9 6x135 -12mm NV Matte Black MR60529016512N,active,2026-04-22T16:53:12-05:00
9415384760555,605-nv-matte-black-mr60529060512n,Method 605 20x9 6x139.7 (6x5.5) -12mm NV Matte Black MR60529060512N,active,2026-04-22T16:53:15-05:00
9415384858859,605-nv-matte-black-mr60529080512n,Method 605 20x9 8x165.1 (8x6.5) -12mm NV Matte Black MR60529080512N,active,2026-04-22T16:53:19-05:00
9415384924395,605-nv-matte-black-mr60529087512n,Method 605 20x9 8x170 -12mm NV Matte Black MR60529087512N,active,2026-04-22T16:53:23-05:00
9415384957163,605-nv-matte-black-mr60529088512n,Method 605 20x9 8x180 -12mm NV Matte Black MR60529088512N,active,2026-04-22T16:53:28-05:00
9415385841899,701-method-bronze-clearance-mr70166568990-s,Method 701 - Markdown 16x6.5 6x180 90mm Method Bronze MR70166568990-S,active,2026-04-22T16:54:52-05:00
9415386300651,702-bronze-1-mr70268062900,Method 702 16x8 6x120 0mm Method Bronze MR70268062900,active,2026-04-22T16:55:26-05:00
9415385940203,702-matte-black-mr70277553550,Method 702 17x7.5 5x130 50mm Matte Black MR70277553550,active,2026-04-22T16:55:04-05:00
9415386366187,702-bronze-1-mr70277553950,Method 702 17x7.5 5x130 50mm Method Bronze MR70277553950,active,2026-04-22T16:55:30-05:00
9415386398955,702-bronze-1-mr70277563950,Method 702 17x7.5 6x130 50mm Method Bronze MR70277563950,active,2026-04-22T16:55:34-05:00
9415386038507,702-matte-black-mr70278550500,Method 702 17x8.5 5x127 (5x5) 0mm Matte Black MR70278550500,active,2026-04-22T16:55:12-05:00
9415386431723,702-bronze-1-mr70278550900,Method 702 17x8.5 5x127 (5x5) 0mm Method Bronze MR70278550900,active,2026-04-22T16:55:38-05:00
9415386136811,702-matte-black-mr70278558500,Method 702 17x8.5 5x150 0mm Matte Black MR70278558500,active,2026-04-22T16:55:16-05:00
9415386464491,702-bronze-1-mr70278558900,Method 702 17x8.5 5x150 0mm Method Bronze MR70278558900,active,2026-04-22T16:55:43-05:00
9415386530027,702-bronze-1-mr70278560900,Method 702 17x8.5 6x139.7 (6x5.5) 0mm Method Bronze MR70278560900,active,2026-04-22T16:55:47-05:00
9415386562795,703-method-bronze-clearance-mr70366568990-s,Method 703 - Markdown 16x6.5 6x180 90mm Method Bronze MR70366568990-S,active,2026-04-22T16:55:51-05:00
9415386661099,703-matte-black-mr70357051515,Method 703 15x7 5x100 15mm Matte Black MR70357051515,active,2026-04-22T16:55:55-05:00
9415386693867,703-matte-black-mr70366053568,Method 703 16x6 5x130 68mm Matte Black MR70366053568,active,2026-04-22T16:55:59-05:00
9415386726635,703-matte-black-mr70366568590,Method 703 16x6.5 6x180 90mm Matte Black MR70366568590,active,2026-04-22T16:56:03-05:00
9415386759403,703-matte-black-mr70368060500,Method 703 16x8 6x139.7 (6x5.5) 0mm Matte Black MR70368060500,active,2026-04-22T16:56:07-05:00
9415386792171,703-matte-black-mr70377553550,Method 703 17x7.5 5x130 50mm Matte Black MR70377553550,active,2026-04-22T16:56:12-05:00
9415386824939,703-matte-black-mr70377556550,Method 703 17x7.5 5x160 50mm Matte Black MR70377556550,active,2026-04-22T16:56:17-05:00
9415386857707,703-matte-black-mr70377563550,Method 703 17x7.5 6x130 50mm Matte Black MR70377563550,active,2026-04-22T16:56:21-05:00
9415386988779,703-matte-black-mr70378550500,Method 703 17x8.5 5x127 (5x5) 0mm Matte Black MR70378550500,active,2026-04-22T16:56:29-05:00
9415387185387,703-matte-black-mr70378550525,Method 703 17x8.5 5x127 (5x5) 25mm Matte Black MR70378550525,active,2026-04-22T16:56:54-05:00
9415387021547,703-matte-black-mr70378558500,Method 703 17x8.5 5x150 0mm Matte Black MR70378558500,active,2026-04-22T16:56:33-05:00
9415386923243,703-matte-black-mr70378558535,Method 703 17x8.5 5x150 35mm Matte Black MR70378558535,active,2026-04-22T16:56:25-05:00
9415387054315,703-matte-black-mr70378516500,Method 703 17x8.5 6x135 0mm Matte Black MR70378516500,active,2026-04-22T16:56:37-05:00
9415387218155,703-matte-black-mr70378516525,Method 703 17x8.5 6x135 25mm Matte Black MR70378516525,active,2026-04-22T16:56:58-05:00
9415387087083,703-matte-black-mr70378560500,Method 703 17x8.5 6x139.7 (6x5.5) 0mm Matte Black MR70378560500,active,2026-04-22T16:56:41-05:00
9415387250923,703-matte-black-mr70378560535,Method 703 17x8.5 6x139.7 (6x5.5) 35mm Matte Black MR70378560535,active,2026-04-22T16:57:02-05:00
9415387119851,703-matte-black-mr70378580500,Method 703 17x8.5 8x165.1 (8x6.5) 0mm Matte Black MR70378580500,active,2026-04-22T16:56:45-05:00
9415387152619,703-matte-black-mr70378587500,Method 703 17x8.5 8x170 0mm Matte Black MR70378587500,active,2026-04-22T16:56:49-05:00
9415387349227,703-matte-black-mr70379050512n,Method 703 17x9 5x127 (5x5) -12mm Matte Black MR70379050512N,active,2026-04-22T16:57:06-05:00
9415387414763,703-matte-black-mr70379055512n,Method 703 17x9 5x139.7 (5x5.5) -12mm Matte Black MR70379055512N,active,2026-04-22T16:57:10-05:00
9415387480299,703-matte-black-mr70379060512n,Method 703 17x9 6x139.7 (6x5.5) -12mm Matte Black MR70379060512N,active,2026-04-22T16:57:14-05:00
9415387578603,703-matte-black-mr70379080512n,Method 703 17x9 8x165.1 (8x6.5) -12mm Matte Black MR70379080512N,active,2026-04-22T16:57:18-05:00
9415387644139,mr704-matte-black-mr70457051515,Method 704 15x7 5x100 15mm Matte Black MR70457051515,active,2026-04-22T16:57:22-05:00
9415387742443,mr704-matte-black-mr70468060500,Method 704 16x8 6x139.7 (6x5.5) 0mm Matte Black MR70468060500,active,2026-04-22T16:57:26-05:00
9415387807979,mr704-matte-black-mr70478550500,Method 704 17x8.5 5x127 (5x5) 0mm Matte Black MR70478550500,active,2026-04-22T16:57:30-05:00
9415387939051,mr704-matte-black-mr70478555500,Method 704 17x8.5 5x139.7 (5x5.5) 0mm Matte Black MR70478555500,active,2026-04-22T16:57:34-05:00
9415388004587,mr704-matte-black-mr70478558500,Method 704 17x8.5 5x150 0mm Matte Black MR70478558500,active,2026-04-22T16:57:38-05:00
9415388070123,mr704-matte-black-mr70478516500,Method 704 17x8.5 6x135 0mm Matte Black MR70478516500,active,2026-04-22T16:57:42-05:00
9415388168427,mr704-matte-black-mr70478560500,Method 704 17x8.5 6x139.7 (6x5.5) 0mm Matte Black MR70478560500,active,2026-04-22T16:57:46-05:00
9415388233963,mr704-matte-black-mr70478580500,Method 704 17x8.5 8x165.1 (8x6.5) 0mm Matte Black MR70478580500,active,2026-04-22T16:57:50-05:00
9415388332267,mr704-matte-black-mr70478587500,Method 704 17x8.5 8x170 0mm Matte Black MR70478587500,active,2026-04-22T16:57:54-05:00
9415388430571,705-matte-black-mr70578550500,Method 705 17x8.5 5x127 (5x5) 0mm Matte Black MR70578550500,active,2026-04-22T16:57:58-05:00
9415388561643,705-matte-black-mr70578550525,Method 705 17x8.5 5x127 (5x5) 25mm Matte Black MR70578550525,active,2026-04-22T16:58:02-05:00
9415388627179,705-matte-black-mr70578558500,Method 705 17x8.5 5x150 0mm Matte Black MR70578558500,active,2026-04-22T16:58:06-05:00
9415388692715,705-matte-black-mr70578558535,Method 705 17x8.5 5x150 35mm Matte Black MR70578558535,active,2026-04-22T16:58:10-05:00
9415388758251,705-matte-black-mr70578562500,Method 705 17x8.5 6x120 0mm Matte Black MR70578562500,active,2026-04-22T16:58:14-05:00
9415388856555,705-matte-black-mr70578562520,Method 705 17x8.5 6x120 20mm Matte Black MR70578562520,active,2026-04-22T16:58:18-05:00
9415388922091,705-matte-black-mr70578516500,Method 705 17x8.5 6x135 0mm Matte Black MR70578516500,active,2026-04-22T16:58:22-05:00
9415388954859,705-matte-black-mr70578516525,Method 705 17x8.5 6x135 25mm Matte Black MR70578516525,active,2026-04-22T16:58:26-05:00
9415389053163,705-matte-black-mr70578560500,Method 705 17x8.5 6x139.7 (6x5.5) 0mm Matte Black MR70578560500,active,2026-04-22T16:58:30-05:00
9415389118699,705-matte-black-mr70578560535,Method 705 17x8.5 6x139.7 (6x5.5) 35mm Matte Black MR70578560535,active,2026-04-22T16:58:34-05:00
9415389184235,705-matte-black-mr70578580500,Method 705 17x8.5 8x165.1 (8x6.5) 0mm Matte Black MR70578580500,active,2026-04-22T16:58:38-05:00
9415389282539,705-matte-black-mr70578587500,Method 705 17x8.5 8x170 0mm Matte Black MR70578587500,active,2026-04-22T16:58:42-05:00
9415389380843,705-matte-black-mr70578588500,Method 705 17x8.5 8x180 0mm Matte Black MR70578588500,active,2026-04-22T16:58:45-05:00
9415389479147,705-matte-black-mr70589058525,Method 705 18x9 5x150 25mm Matte Black MR70589058525,active,2026-04-22T16:58:50-05:00
9415389577451,705-matte-black-mr70589016518,Method 705 18x9 6x135 18mm Matte Black MR70589016518,active,2026-04-22T16:58:54-05:00
9415389675755,705-matte-black-mr70589060500,Method 705 18x9 6x139.7 (6x5.5) 0mm Matte Black MR70589060500,active,2026-04-22T16:58:58-05:00
9415389741291,705-matte-black-mr70589060518,Method 705 18x9 6x139.7 (6x5.5) 18mm Matte Black MR70589060518,active,2026-04-22T16:59:02-05:00
9415389839595,705-matte-black-mr70589080518,Method 705 18x9 8x165.1 (8x6.5) 18mm Matte Black MR70589080518,active,2026-04-22T16:59:05-05:00
9415389905131,705-matte-black-mr70589087518,Method 705 18x9 8x170 18mm Matte Black MR70589087518,active,2026-04-22T16:59:09-05:00
9415390036203,705-matte-black-mr70589088518,Method 705 18x9 8x180 18mm Matte Black MR70589088518,active,2026-04-22T16:59:13-05:00
9415390134507,706-matte-black-mr70677551530,Method 706 17x7.5 5x100 30mm Matte Black MR70677551530,active,2026-04-22T16:59:21-05:00
9415390101739,706-matte-black-mr70677549530,Method 706 17x7.5 5x108 (5x4.25) 30mm Matte Black MR70677549530,active,2026-04-22T16:59:17-05:00
9415390167275,706-matte-black-mr70677512530,Method 706 17x7.5 5x114.3 (5x4.5) 30mm Matte Black MR70677512530,active,2026-04-22T16:59:25-05:00
9415390200043,706-matte-black-mr70677553550,Method 706 17x7.5 5x130 50mm Matte Black MR70677553550,active,2026-04-22T16:59:29-05:00
9415390265579,706-matte-black-mr70677556550,Method 706 17x7.5 5x160 50mm Matte Black MR70677556550,active,2026-04-22T16:59:32-05:00
9415390331115,706-matte-black-mr70677563550,Method 706 17x7.5 6x130 50mm Matte Black MR70677563550,active,2026-04-22T16:59:36-05:00
9415390363883,706-matte-black-mr70678550500,Method 706 17x8.5 5x127 (5x5) 0mm Matte Black MR70678550500,active,2026-04-22T16:59:40-05:00
9415390396651,706-matte-black-mr70678550525,Method 706 17x8.5 5x127 (5x5) 25mm Matte Black MR70678550525,active,2026-04-22T16:59:44-05:00
9415390593259,706-matte-black-mr70678555500,Method 706 17x8.5 5x139.7 (5x5.5) 0mm Matte Black MR70678555500,active,2026-04-22T17:00:03-05:00
9415390429419,706-matte-black-mr70678558500,Method 706 17x8.5 5x150 0mm Matte Black MR70678558500,active,2026-04-22T16:59:48-05:00
9415390462187,706-matte-black-mr70678558500t,Method 706 17x8.5 5x150 0mm Matte Black MR70678558500T,active,2026-04-22T16:59:51-05:00
9415390494955,706-matte-black-mr70678558535,Method 706 17x8.5 5x150 35mm Matte Black MR70678558535,active,2026-04-22T16:59:55-05:00
9415390527723,706-matte-black-mr70678558535t,Method 706 17x8.5 5x150 35mm Matte Black MR70678558535T,active,2026-04-22T16:59:59-05:00
9415390626027,706-matte-black-mr70678562500,Method 706 17x8.5 6x120 0mm Matte Black MR70678562500,active,2026-04-22T17:00:08-05:00
9415390658795,706-matte-black-mr70678562525,Method 706 17x8.5 6x120 25mm Matte Black MR70678562525,active,2026-04-22T17:00:12-05:00
9415390691563,706-matte-black-mr70678516500,Method 706 17x8.5 6x135 0mm Matte Black MR70678516500,active,2026-04-22T17:00:16-05:00
9415390724331,706-matte-black-mr70678516525,Method 706 17x8.5 6x135 25mm Matte Black MR70678516525,active,2026-04-22T17:00:21-05:00
9415390757099,706-matte-black-mr70678560500,Method 706 17x8.5 6x139.7 (6x5.5) 0mm Matte Black MR70678560500,active,2026-04-22T17:00:25-05:00
9415390822635,706-matte-black-mr70678560500t,Method 706 17x8.5 6x139.7 (6x5.5) 0mm Matte Black MR70678560500T,active,2026-04-22T17:00:29-05:00
9415390855403,706-matte-black-mr70678560535,Method 706 17x8.5 6x139.7 (6x5.5) 35mm Matte Black MR70678560535,active,2026-04-22T17:00:33-05:00
9415390888171,706-matte-black-mr70678560535t,Method 706 17x8.5 6x139.7 (6x5.5) 35mm Matte Black MR70678560535T,active,2026-04-22T17:00:37-05:00
9415390920939,706-matte-black-mr70678580500,Method 706 17x8.5 8x165.1 (8x6.5) 0mm Matte Black MR70678580500,active,2026-04-22T17:00:41-05:00
9415391052011,706-matte-black-mr70678587500,Method 706 17x8.5 8x170 0mm Matte Black MR70678587500,active,2026-04-22T17:00:45-05:00
9415391248619,706-matte-black-mr70689052525,Method 706 18x9 5x120 25mm Matte Black MR70689052525,active,2026-04-22T17:01:04-05:00
9415391281387,706-matte-black-mr70689058535,Method 706 18x9 5x150 35mm Matte Black MR70689058535,active,2026-04-22T17:01:09-05:00
9415391346923,706-matte-black-mr70689058535t,Method 706 18x9 5x150 35mm Matte Black MR70689058535T,active,2026-04-22T17:01:13-05:00
9415391150315,706-matte-black-mr70689016518,Method 706 18x9 6x135 18mm Matte Black MR70689016518,active,2026-04-22T17:00:50-05:00
9415391183083,706-matte-black-mr70689060518,Method 706 18x9 6x139.7 (6x5.5) 18mm Matte Black MR70689060518,active,2026-04-22T17:00:55-05:00
9415391215851,706-matte-black-mr70689060535t,Method 706 18x9 6x139.7 (6x5.5) 35mm Matte Black MR70689060535T,active,2026-04-22T17:00:59-05:00
9415391379691,706-matte-black-mr70689080518,Method 706 18x9 8x165.1 (8x6.5) 18mm Matte Black MR70689080518,active,2026-04-22T17:01:17-05:00
9415391412459,706-matte-black-mr70689087518,Method 706 18x9 8x170 18mm Matte Black MR70689087518,active,2026-04-22T17:01:21-05:00
9415391445227,706-matte-black-mr70689088518,Method 706 18x9 8x180 18mm Matte Black MR70689088518,active,2026-04-22T17:01:26-05:00
9415391477995,707-matte-black-mr70757051515,Method 707 15x7 5x100 15mm Matte Black MR70757051515,active,2026-04-22T17:01:30-05:00
9415391543531,707-matte-black-mr70767051515,Method 707 16x7 5x100 15mm Matte Black MR70767051515,active,2026-04-22T17:01:34-05:00
9415391674603,707-matte-black-mr70767051530,Method 707 16x7 5x100 30mm Matte Black MR70767051530,active,2026-04-22T17:01:46-05:00
9415391609067,707-matte-black-mr70767049515,Method 707 16x7 5x108 (5x4.25) 15mm Matte Black MR70767049515,active,2026-04-22T17:01:38-05:00
9415391707371,707-matte-black-mr70767049530,Method 707 16x7 5x108 (5x4.25) 30mm Matte Black MR70767049530,active,2026-04-22T17:01:51-05:00
9415391740139,707-matte-black-mr70767057530,Method 707 16x7 5x112 30mm Matte Black MR70767057530,active,2026-04-22T17:01:55-05:00
9415391641835,707-matte-black-mr70767012515,Method 707 16x7 5x114.3 (5x4.5) 15mm Matte Black MR70767012515,active,2026-04-22T17:01:42-05:00
9415391805675,707-matte-black-mr70767012530,Method 707 16x7 5x114.3 (5x4.5) 30mm Matte Black MR70767012530,active,2026-04-22T17:01:59-05:00
9415391838443,707-matte-black-mr70777553550,Method 707 17x7.5 5x130 50mm Matte Black MR70777553550,active,2026-04-22T17:02:03-05:00
9415391871211,707-matte-black-mr70777556550,Method 707 17x7.5 5x160 50mm Matte Black MR70777556550,active,2026-04-22T17:02:07-05:00
9415391903979,707-matte-black-mr70777563550,Method 707 17x7.5 6x130 50mm Matte Black MR70777563550,active,2026-04-22T17:02:12-05:00
9415391936747,707-matte-black-mr70778551538,Method 707 17x8.5 5x100 38mm Matte Black MR70778551538,active,2026-04-22T17:02:16-05:00
9415391969515,707-matte-black-mr70778549538,Method 707 17x8.5 5x108 (5x4.25) 38mm Matte Black MR70778549538,active,2026-04-22T17:02:21-05:00
9415392002283,707-matte-black-mr70778512538,Method 707 17x8.5 5x114.3 (5x4.5) 38mm Matte Black MR70778512538,active,2026-04-22T17:02:25-05:00
9415392035051,707-matte-black-mr70778550500,Method 707 17x8.5 5x127 (5x5) 0mm Matte Black MR70778550500,active,2026-04-22T17:02:29-05:00
9415392067819,707-matte-black-mr70778555500,Method 707 17x8.5 5x139.7 (5x5.5) 0mm Matte Black MR70778555500,active,2026-04-22T17:02:33-05:00
9415392133355,707-matte-black-mr70778558500,Method 707 17x8.5 5x150 0mm Matte Black MR70778558500,active,2026-04-22T17:02:37-05:00
9415392166123,707-matte-black-mr70778516500,Method 707 17x8.5 6x135 0mm Matte Black MR70778516500,active,2026-04-22T17:02:41-05:00
9415392231659,707-matte-black-mr70778560500,Method 707 17x8.5 6x139.7 (6x5.5) 0mm Matte Black MR70778560500,active,2026-04-22T17:02:45-05:00
9415392264427,707-matte-black-mr70778560525,Method 707 17x8.5 6x139.7 (6x5.5) 25mm Matte Black MR70778560525,active,2026-04-22T17:02:50-05:00
9415392297195,707-matte-black-mr70778580500,Method 707 17x8.5 8x165.1 (8x6.5) 0mm Matte Black MR70778580500,active,2026-04-22T17:02:54-05:00
9415392329963,707-matte-black-mr70778587500,Method 707 17x8.5 8x170 0mm Matte Black MR70778587500,active,2026-04-22T17:02:58-05:00
9415392362731,707-matte-black-mr70788551538,Method 707 18x8.5 5x100 38mm Matte Black MR70788551538,active,2026-04-22T17:03:02-05:00
9415392428267,707-matte-black-mr70788549538,Method 707 18x8.5 5x108 (5x4.25) 38mm Matte Black MR70788549538,active,2026-04-22T17:03:07-05:00
9415392461035,707-matte-black-mr70788512538,Method 707 18x8.5 5x114.3 (5x4.5) 38mm Matte Black MR70788512538,active,2026-04-22T17:03:11-05:00
9415392493803,707-matte-black-mr70789058525,Method 707 18x9 5x150 25mm Matte Black MR70789058525,active,2026-04-22T17:03:15-05:00
9415392526571,707-matte-black-mr70789016518,Method 707 18x9 6x135 18mm Matte Black MR70789016518,active,2026-04-22T17:03:19-05:00
9415392592107,707-matte-black-mr70789060500,Method 707 18x9 6x139.7 (6x5.5) 0mm Matte Black MR70789060500,active,2026-04-22T17:03:28-05:00
9415392559339,707-matte-black-mr70789060518,Method 707 18x9 6x139.7 (6x5.5) 18mm Matte Black MR70789060518,active,2026-04-22T17:03:24-05:00
9415392657643,707-matte-black-mr70789080518,Method 707 18x9 8x165.1 (8x6.5) 18mm Matte Black MR70789080518,active,2026-04-22T17:03:31-05:00
9415392690411,707-matte-black-mr70789087518,Method 707 18x9 8x170 18mm Matte Black MR70789087518,active,2026-04-22T17:03:36-05:00
9415392723179,707-matte-black-mr70789088518,Method 707 18x9 8x180 18mm Matte Black MR70789088518,active,2026-04-22T17:03:40-05:00
9415392755947,901-dually-wheel-matte-black-front-mr901655925117,Method 901 16x5.5 6x205 117mm Sprinter Dually Wheel Matte Black FRONT MR901655925117,active,2026-04-22T17:03:44-05:00
9415392887019,901-dually-wheel-matte-black-rear-mr901660685134n,Method 901 16x6 6x180 -134mm Sprinter Dually Wheel Matte Black REAR MR901660685134N,active,2026-04-22T17:03:55-05:00
9415392821483,901-dually-wheel-matte-black-front-mr901660685110,Method 901 16x6 6x180 110mm Sprinter Dually Wheel Matte Black FRONT MR901660685110,active,2026-04-22T17:03:47-05:00
