handle,product_id,status,title,created_at
305-nv-bahia-blue-gloss-black-lip-zmr30578580600,9413333811435,active,Method 305 17x8.5 8x165.1 (8x6.5) 0mm NV Gloss Bahia Blue - Gloss Black Lip ZMR30578580600,2026-04-21T15:32:47-05:00
305-nv-bahia-blue-gloss-black-lip-zmr30578587600,9413333942507,active,Method 305 17x8.5 8x170 0mm NV Gloss Bahia Blue - Gloss Black Lip ZMR30578587600,2026-04-21T15:32:51-05:00
305-nv-bahia-blue-gloss-black-lip-zmr30589080618,9413334204651,active,Method 305 18x9 8x165.1 (8x6.5) 18mm NV Gloss Bahia Blue - Gloss Black Lip ZMR30589080618,2026-04-21T15:33:06-05:00
305-nv-bahia-blue-gloss-black-lip-zmr30589087618,9413334302955,active,Method 305 18x9 8x170 18mm NV Gloss Bahia Blue - Gloss Black Lip ZMR30589087618,2026-04-21T15:33:10-05:00
315-gold-black-lip-mr31578516100,9413334827243,active,Method 315 17x8.5 6x135 0mm Gold - Black Lip MR31578516100,2026-04-21T15:33:34-05:00
315-gold-black-lip-mr31578560100,9413334991083,active,Method 315 17x8.5 6x139.7 (6x5.5) 0mm Gold - Black Lip MR31578560100,2026-04-21T15:33:38-05:00
105-beadlock-gold-mr10579050138b,9413336170731,active,Method 105-V3 17x9 Beadlock Gold MR10579050138B,2026-04-21T15:34:35-05:00
105-beadlock-goldthe-standard-machine-mr30179080312n,9413343314155,active,Method 301 17x9 8x165.1 (8x6.5) -12mm The Standard Machined - Clear Coat MR30179080312N,2026-04-21T15:40:25-05:00
the-standard-machine-mr30189080318,9413343510763,active,Method 301 18x9 8x165.1 (8x6.5) 18mm The Standard Machined - Clear Coat MR30189080318,2026-04-21T15:40:34-05:00
the-standard-machine-mr30189087318,9413343609067,active,Method 301 18x9 8x170 18mm The Standard Machined - Clear Coat MR30189087318,2026-04-21T15:40:38-05:00
the-standard-machine-mr30189088318,9413343641835,active,Method 301 18x9 8x180 18mm The Standard Machined - Clear Coat MR30189088318,2026-04-21T15:40:42-05:00
the-standard-machine-mr30129080318,9413343805675,active,Method 301 20x9 8x165.1 (8x6.5) 18mm The Standard Machined - Clear Coat MR30129080318,2026-04-21T15:40:51-05:00
the-standard-machine-mr30129087318,9413343871211,active,Method 301 20x9 8x170 18mm The Standard Machined - Clear Coat MR30129087318,2026-04-21T15:40:55-05:00
701-bronze-mr70166568990,9413346132203,active,Method 701 16x6.5 6x180 90mm Method Bronze MR70166568990,2026-04-21T15:43:16-05:00
312-bronze-mr31289080918,9413349441771,active,Method 312 18x9 8x165.1 (8x6.5) 18mm Method Bronze - Matte Black Lip MR31289080918,2026-04-21T15:46:33-05:00
mr704-titanium-mr70457051815,9413357043947,active,Method 704 15x7 5x100 15mm Titanium MR70457051815,2026-04-21T15:53:56-05:00
mr704-titanium-mr70478550800,9413357175019,active,Method 704 17x8.5 5x127 (5x5) 0mm Titanium MR70478550800,2026-04-21T15:54:05-05:00
mr704-titanium-mr70478558800,9413357338859,active,Method 704 17x8.5 5x150 0mm Titanium MR70478558800,2026-04-21T15:54:13-05:00
316-gloss-titanium-mr31678062825,9413357830379,active,Method 316 17x8 6x120 25mm Gloss Titanium MR31678062825,2026-04-21T15:54:40-05:00
316-gloss-titanium-mr31678016825,9413357895915,active,Method 316 17x8 6x135 25mm Gloss Titanium MR31678016825,2026-04-21T15:54:44-05:00
316-gloss-titanium-mr31678060825,9413358026987,active,Method 316 17x8 6x139.7 (6x5.5) 25mm Gloss Titanium MR31678060825,2026-04-21T15:54:48-05:00
316-gloss-titanium-mr31678516800,9413358256363,active,Method 316 17x8.5 6x135 0mm Gloss Titanium MR31678516800,2026-04-21T15:55:00-05:00
316-gloss-titanium-mr31678560800,9413358321899,active,Method 316 17x8.5 6x139.7 (6x5.5) 0mm Gloss Titanium MR31678560800,2026-04-21T15:55:04-05:00
316-gloss-titanium-mr31689016818,9413358420203,active,Method 316 18x9 6x135 18mm Gloss Titanium MR31689016818,2026-04-21T15:55:12-05:00
316-gloss-titanium-mr31689060818,9413358485739,active,Method 316 18x9 6x139.7 (6x5.5) 18mm Gloss Titanium MR31689060818,2026-04-21T15:55:16-05:00
316-gloss-titanium-mr31629050818,9413358584043,active,Method 316 20x9 5x127 (5x5) 18mm Gloss Titanium MR31629050818,2026-04-21T15:55:20-05:00
411-utv-bead-grip-gloss-titanium-mr41157047843,9413360386283,active,Method 411 15x7 4x136 13mm UTV Bead Grip Gloss Titanium MR41157047843,2026-04-21T15:57:00-05:00
411-utv-bead-grip-gloss-titanium-mr41151046864,9413360746731,active,Method 411 15x10 4x156 25mm UTV Bead Grip Gloss Titanium MR41151046864,2026-04-21T15:57:24-05:00
415-utv-beadlock-graphite-gloss-graphite-ring-mr415570121252b,9413363138795,active,Method 415 15x7 5x114.3 (5x4.5) 38mm UTV Beadlock Gloss Graphite - Gloss Graphite Ring MR415570121252B,2026-04-21T15:59:45-05:00
415-utv-beadlock-graphite-gloss-graphite-ring-mr415510471264b,9413363237099,active,Method 415 15x10 4x136 25mm UTV Beadlock Gloss Graphite - Gloss Graphite Ring MR415510471264B,2026-04-21T15:59:50-05:00
415-utv-beadlock-graphite-gloss-graphite-ring-mr415510461264b,9413363302635,active,Method 415 15x10 4x156 25mm UTV Beadlock Gloss Graphite - Gloss Graphite Ring MR415510461264B,2026-04-21T15:59:53-05:00
415-utv-beadlock-graphite-gloss-graphite-ring-mr415510121264b,9413363335403,active,Method 415 15x10 5x114.3 (5x4.5) 25mm UTV Beadlock Gloss Graphite - Gloss Graphite Ring MR415510121264B,2026-04-21T15:59:57-05:00
415-utv-beadlock-matte-black-gloss-black-ring-mr415510471064b,9413363597547,active,Method 415 15x10 4x136 25mm UTV Beadlock Double Black MR415510471064B,2026-04-21T16:00:13-05:00
319-method-bronze-mr31978516900,9413365530859,active,Method 319 17x8.5 6x135 0mm Method Bronze MR31978516900,2026-04-21T16:02:25-05:00
319-method-bronze-mr31978560900,9413365563627,active,Method 319 17x8.5 6x139.7 (6x5.5) 0mm Method Bronze MR31978560900,2026-04-21T16:02:29-05:00
319-method-bronze-mr31978580900,9413365661931,active,Method 319 17x8.5 8x165.1 (8x6.5) 0mm Method Bronze MR31978580900,2026-04-21T16:02:33-05:00
319-method-bronze-mr31978587900,9413365760235,active,Method 319 17x8.5 8x170 0mm Method Bronze MR31978587900,2026-04-21T16:02:37-05:00
319-method-bronze-mr31979060912n,9413365956843,active,Method 319 17x9 6x139.7 (6x5.5) -12mm Method Bronze MR31979060912N,2026-04-21T16:02:49-05:00
319-method-bronze-mr31988560940,9413366186219,active,Method 319 18x8.5 6x139.7 (6x5.5) 40mm Method Bronze MR31988560940,2026-04-21T16:02:57-05:00
319-method-bronze-mr31988516940,9413366218987,active,Method 319 18x8.5 6x135 40mm Method Bronze MR31988516940,2026-04-21T16:03:01-05:00
319-method-bronze-mr31989016918,9413366317291,active,Method 319 18x9 6x135 18mm Method Bronze MR31989016918,2026-04-21T16:03:05-05:00
319-method-bronze-mr31989060918,9413366350059,active,Method 319 18x9 6x139.7 (6x5.5) 18mm Method Bronze MR31989060918,2026-04-21T16:03:09-05:00
319-method-bronze-mr31989080918,9413366448363,active,Method 319 18x9 8x165.1 (8x6.5) 18mm Method Bronze MR31989080918,2026-04-21T16:03:13-05:00
319-method-bronze-mr31989088918,9413366513899,active,Method 319 18x9 8x180 18mm Method Bronze MR31989088918,2026-04-21T16:03:17-05:00
319-method-bronze-mr31929016918,9413366677739,active,Method 319 20x9 6x135 18mm Method Bronze MR31929016918,2026-04-21T16:03:29-05:00
319-method-bronze-mr31929060918,9413366743275,active,Method 319 20x9 6x139.7 (6x5.5) 18mm Method Bronze MR31929060918,2026-04-21T16:03:33-05:00
319-method-bronze-mr31929087918,9413366776043,active,Method 319 20x9 8x170 18mm Method Bronze MR31929087918,2026-04-21T16:03:37-05:00
319-method-bronze-mr31929088918,9413366841579,active,Method 319 20x9 8x180 18mm Method Bronze MR31929088918,2026-04-21T16:03:41-05:00
319-method-bronze-mr31929080918,9413366907115,active,Method 319 20x9 8x165.1 (8x6.5) 18mm Method Bronze MR31929080918,2026-04-21T16:03:45-05:00
318-method-bronze-mr31857051915,9413368643819,active,Method 318 15x7 5x100 15mm Method Bronze MR31857051915,2026-04-21T16:05:18-05:00
318-method-bronze-mr31878550925,9413369037035,active,Method 318 17x8.5 5x127 (5x5) 25mm Method Bronze MR31878550925,2026-04-21T16:05:43-05:00
318-method-bronze-mr31878580900,9413369233643,active,Method 318 17x8.5 8x165.1 (8x6.5) 0mm Method Bronze MR31878580900,2026-04-21T16:05:55-05:00
318-method-bronze-mr31878587900,9413369266411,active,Method 318 17x8.5 8x170 0mm Method Bronze MR31878587900,2026-04-21T16:05:59-05:00
318-method-bronze-mr31888558940,9413369331947,active,Method 318 18x8.5 5x150 40mm Method Bronze MR31888558940,2026-04-21T16:06:02-05:00
105-beadlock-matte-black-mr10579080538b,9413370085611,active,Method 105 17x9 8x165.1 (8x6.5) -38mm Beadlock Matte Black MR10579080538B,2026-04-21T16:06:52-05:00
standard-matte-black-mr30157060506n,9413370282219,active,Method 301 15x7 6x139.7 (6x5.5) -6mm The Standard Matte Black MR30157060506N,2026-04-21T16:07:04-05:00
standard-matte-black-mr30168060500,9413370511595,active,Method 301 16x8 6x139.7 (6x5.5) 0mm The Standard Matte Black MR30168060500,2026-04-21T16:07:20-05:00
standard-matte-black-mr30177563550,9413370642667,active,Method 301 17x7.5 6x130 50mm The Standard Matte Black MR30177563550,2026-04-21T16:07:27-05:00
standard-matte-black-mr30178564525,9413371003115,active,Method 301 17x8.5 6x114.3 (6x4.5) 25mm The Standard Matte Black MR30178564525,2026-04-21T16:07:48-05:00
standard-matte-black-mr30178560500,9413371101419,active,Method 301 17x8.5 6x139.7 (6x5.5) 0mm The Standard Matte Black MR30178560500,2026-04-21T16:07:52-05:00
standard-matte-black-mr30178516500,9413371166955,active,Method 301 17x8.5 6x135 0mm The Standard Matte Black MR30178516500,2026-04-21T16:07:56-05:00
standard-matte-black-mr30178560525,9413371363563,active,Method 301 17x8.5 6x139.7 (6x5.5) 25mm The Standard Matte Black MR30178560525,2026-04-21T16:08:04-05:00
standard-matte-black-mr30179060512n,9413371789547,active,Method 301 17x9 6x139.7 (6x5.5) -12mm The Standard Matte Black MR30179060512N,2026-04-21T16:08:32-05:00
standard-matte-black-mr30189060512n,9413372281067,active,Method 301 18x9 6x139.7 (6x5.5) -12mm The Standard Matte Black MR30189060512N,2026-04-21T16:08:56-05:00
standard-matte-black-mr30189060518,9413372313835,active,Method 301 18x9 6x139.7 (6x5.5) 18mm The Standard Matte Black MR30189060518,2026-04-21T16:09:00-05:00
standard-matte-black-mr30189016518,9413372379371,active,Method 301 18x9 6x135 18mm The Standard Matte Black MR30189016518,2026-04-21T16:09:04-05:00
standard-matte-black-mr30129060518,9413372608747,active,Method 301 20x9 6x139.7 (6x5.5) 18mm The Standard Matte Black MR30129060518,2026-04-21T16:09:20-05:00
standard-matte-black-mr30129016518,9413372641515,active,Method 301 20x9 6x135 18mm The Standard Matte Black MR30129016518,2026-04-21T16:09:25-05:00
704-hd-matte-black-mr70479080518h,9413374902507,active,Method 704-HD 17x9 8x165.1 (8x6.5) 18mm Matte Black MR70479080518H,2026-04-21T16:11:47-05:00
704-hd-matte-black-mr70479087518h,9413374968043,active,Method 704-HD 17x9 8x170 18mm Matte Black MR70479087518H,2026-04-21T16:11:51-05:00
704-hd-matte-black-mr70479088518h,9413375066347,active,Method 704-HD 17x9 8x180 18mm Matte Black MR70479088518H,2026-04-21T16:11:55-05:00
704-hd-titanium-mr70479087818h,9413375426795,active,Method 704-HD 17x9 8x170 18mm Titanium MR70479087818H,2026-04-21T16:12:16-05:00
704-hd-titanium-mr70479088818h,9413375459563,active,Method 704-HD 17x9 8x180 18mm Titanium MR70479088818H,2026-04-21T16:12:19-05:00
truck-beadlock-machined-mr10179070312br,9413375525099,active,Method 101 17x9.0 6x165.1 (6x6.5) -12mm Beadlock Machined - Raw MR10179070312BR,2026-04-21T16:12:23-05:00
103-beadlock-machined-mr10358055324br,9413375787243,active,Method 103 15x8 Beadlock Machined - Raw MR10358055324BR,2026-04-21T16:12:39-05:00
103-beadlock-machined-mr10358060324br,9413375885547,active,Method 103 15x8 Beadlock Machined - Raw MR10358060324BR,2026-04-21T16:12:43-05:00
103-beadlock-machined-mr10379055312br,9413375918315,active,Method 103 17x9 Beadlock Machined - Raw MR10379055312BR,2026-04-21T16:12:47-05:00
103-beadlock-machined-mr10379060312b,9413375983851,active,Method 103 17x9 Beadlock Machined - Raw MR10379060312B,2026-04-21T16:12:50-05:00
103-beadlock-machined-mr10379070312br,9413376049387,active,Method 103 17x9 Beadlock Machined - Raw MR10379070312BR,2026-04-21T16:12:54-05:00
103-beadlock-machined-mr10379070325br,9413376082155,active,Method 103 17x9 Beadlock Machined - Raw MR10379070325BR,2026-04-21T16:12:58-05:00
103-beadlock-machined-mr10379070312hbvr,9413376147691,active,Method 103 17x9 Beadlock Machined - Raw MR10379070312HBVR,2026-04-21T16:13:02-05:00
103-beadlock-machined-mr10379060312br,9413376245995,active,Method 103 17x9 Beadlock Machined - Raw MR10379060312BR,2026-04-21T16:13:05-05:00
103-beadlock-machined-mr10379087312b,9413376377067,active,Method 103 17x9 Beadlock Machined - Raw MR10379087312B,2026-04-21T16:13:13-05:00
106-beadlock-machined-mr10679050344b,9413376475371,active,Method 106 17x9 5x127 (5x5) -44mm Beadlock Machined MR10679050344B,2026-04-21T16:13:17-05:00
106-beadlock-machined-mr10679060344b,9413376540907,active,Method 106 17x9 6x139.7 (6x5.5) -44mm Beadlock Machined MR10679060344B,2026-04-21T16:13:21-05:00
106-beadlock-machined-mr10679080344b,9413376606443,active,Method 106 17x9 8x165.1 (8x6.5) -44mm Beadlock Machined MR10679080344B,2026-04-21T16:13:24-05:00
106-beadlock-bronze-mr10679080944b,9413376966891,active,Method 106 17x9 8x165.1 (8x6.5) -44mm Beadlock Method Bronze MR10679080944B,2026-04-21T16:13:47-05:00
202-forged-machined-mr20279070312bvr,9413377065195,active,Method 202 17x9 6x165.1 (6x6.5) -12mm Forged Beadlock Machined - Raw MR20279070312BVR,2026-04-21T16:13:51-05:00
202-forged-machined-mr20279060312bvr,9413377130731,active,Method 202 17x9 6x139.7 (6x5.5) -12mm Forged Beadlock Machined - Raw MR20279060312BVR,2026-04-21T16:13:55-05:00
202-forged-machined-mr20279070325bvr,9413377196267,active,Method 202 17x9 6x165.1 (6x6.5) 25mm Forged Beadlock Machined - Raw MR20279070325BVR,2026-04-21T16:13:59-05:00
305-double-black-mr305680601000,9413377360107,active,Method 305 16x8 6x139.7 (6x5.5) 0mm NV Double Black MR305680601000,2026-04-21T16:14:07-05:00
305-double-black-mr305785581000,9413377458411,active,Method 305 17x8.5 5x150 0mm NV Double Black MR305785581000,2026-04-21T16:14:11-05:00
305-double-black-mr305785161000,9413377556715,active,Method 305 17x8.5 6x135 0mm NV Double Black MR305785161000,2026-04-21T16:14:15-05:00
305-double-black-mr305785501000,9413377589483,active,Method 305 17x8.5 5x127 (5x5) 0mm NV Double Black MR305785501000,2026-04-21T16:14:20-05:00
305-double-black-mr305785601000,9413377687787,active,Method 305 17x8.5 6x139.7 (6x5.5) 0mm NV Double Black MR305785601000,2026-04-21T16:14:24-05:00
305-double-black-mr305785601025,9413377753323,active,Method 305 17x8.5 6x139.7 (6x5.5) 25mm NV Double Black MR305785601025,2026-04-21T16:14:28-05:00
305-double-black-mr305785801000,9413377818859,active,Method 305 17x8.5 8x165.1 (8x6.5) 0mm NV Double Black MR305785801000,2026-04-21T16:14:31-05:00
305-double-black-mr305890601012n,9413377884395,active,Method 305 18x9 6x139.7 (6x5.5) -12mm NV Double Black MR305890601012N,2026-04-21T16:14:35-05:00
305-double-black-mr305890581025,9413377982699,active,Method 305 18x9 5x150 25mm NV Double Black MR305890581025,2026-04-21T16:14:39-05:00
305-double-black-mr305890601018,9413378015467,active,Method 305 18x9 6x139.7 (6x5.5) 18mm NV Double Black MR305890601018,2026-04-21T16:14:43-05:00
305-double-black-mr305890801018,9413378146539,active,Method 305 18x9 8x165.1 (8x6.5) 18mm NV Double Black MR305890801018,2026-04-21T16:14:47-05:00
buggy-beadlock-machined-mr10155519320b,9413381423339,active,Method 101 15x5.5 5x205 -20mm Buggy Beadlock Machined - Raw MR10155519320B,2026-04-21T16:17:49-05:00
buggy-beadlock-machined-mr10178019351b,9413381456107,active,Method 101 17x8 5x205 -51mm Buggy Beadlock Machined - Raw MR10178019351B,2026-04-21T16:17:52-05:00
103-buggy-beadlock-machined-mr10354519325b,9413381521643,active,Method 103 15x4.5 5x205 -25mm Buggy Beadlock Machined - Raw MR10354519325B,2026-04-21T16:17:56-05:00
103-buggy-beadlock-machined-mr10357019325b,9413381554411,active,Method 103 15x7 5x205 -25mm Buggy Beadlock Machined - Raw MR10357019325B,2026-04-21T16:18:00-05:00
103-buggy-beadlock-machined-mr10357019345b,9413381587179,active,Method 103 15x7 5x205 -45mm Buggy Beadlock Machined - Raw MR10357019345B,2026-04-21T16:18:03-05:00
103-buggy-beadlock-machined-mr10376519319b,9413381652715,active,Method 103 17x6.5 5x205 -19mm Buggy Beadlock Machined - Raw MR10376519319B,2026-04-21T16:18:07-05:00
103-buggy-beadlock-machined-mr10378019300b,9413381849323,active,Method 103 17x8 5x205 0mm Buggy Beadlock Machined - Raw MR10378019300B,2026-04-21T16:18:16-05:00
107-bead-grip-titanium,9413382045931,unlisted,Method 107 16x7 6x139.7 (6x5.5) 25mm Bead Grip Race Wheel Titanium,2026-04-21T16:18:27-05:00
108-gloss-titanium-mr10879080844b,9413382308075,active,Method 108 17x9 8x165.1 (8x6.5) -44mm Beadlock Gloss Titanium MR10879080844B,2026-04-21T16:18:40-05:00
201-forged-machined-mr20179055312bvr,9413382570219,active,Method 201 17x9 5x139.7 (5x5.5) -12mm Forged Beadlock Machined - Raw MR20179055312BVR,2026-04-21T16:18:56-05:00
201-forged-machined-mr20179055325bvr,9413382668523,active,Method 201 17x9 5x139.7 (5x5.5) 25mm Forged Beadlock Machined - Raw MR20179055325BVR,2026-04-21T16:19:00-05:00
314-gloss-titanium-mr31478560800,9413388599531,active,Method 314 17x8.5 6x139.7 (6x5.5) 0mm Gloss Titanium MR31478560800,2026-04-21T16:24:59-05:00
314-gloss-titanium-mr31478580800,9413388665067,active,Method 314 17x8.5 8x165.1 (8x6.5) 0mm Gloss Titanium MR31478580800,2026-04-21T16:25:03-05:00
314-gloss-titanium-mr31489060818,9413388697835,active,Method 314 18x9 6x139.7 (6x5.5) 18mm Gloss Titanium MR31489060818,2026-04-21T16:25:07-05:00
316-gloss-black-mr316290501318,9413392400619,active,Method 316 20x9 5x127 (5x5) 18mm Gloss Black MR316290501318,2026-04-21T16:28:40-05:00
316-gloss-black-mr316290161318,9413392466155,active,Method 316 20x9 6x135 18mm Gloss Black MR316290161318,2026-04-21T16:28:44-05:00
316-gloss-black-mr316290601318,9413392531691,active,Method 316 20x9 6x139.7 (6x5.5) 18mm Gloss Black MR316290601318,2026-04-21T16:28:48-05:00
316-gloss-black-mr316290601300,9413392597227,active,Method 316 20x9 6x139.7 (6x5.5) 0mm Gloss Black MR316290601300,2026-04-21T16:28:51-05:00
316-gloss-black-mr316290871318,9413392629995,active,Method 316 20x9 8x170 18mm Gloss Black MR316290871318,2026-04-21T16:28:55-05:00
316-gloss-black-mr316290881318,9413392761067,active,Method 316 20x9 8x180 18mm Gloss Black MR316290881318,2026-04-21T16:28:59-05:00
316-gloss-black-mr316290801318,9413392826603,active,Method 316 20x9 8x165.1 (8x6.5) 18mm Gloss Black MR316290801318,2026-04-21T16:29:02-05:00
316-gloss-black-mr316210501318n,9413393088747,active,Method 316 20x10 5x127 (5x5) -18mm Gloss Black MR316210501318N,2026-04-21T16:29:06-05:00
316-gloss-black-mr316210161318n,9413393416427,active,Method 316 20x10 6x135 -18mm Gloss Black MR316210161318N,2026-04-21T16:29:10-05:00
316-gloss-black-mr316210601318n,9413393481963,active,Method 316 20x10 6x139.7 (6x5.5) -18mm Gloss Black MR316210601318N,2026-04-21T16:29:15-05:00
316-gloss-black-mr316210871318n,9413393547499,active,Method 316 20x10 8x170 -18mm Gloss Black MR316210871318N,2026-04-21T16:29:19-05:00
316-gloss-black-mr316210881318n,9413393645803,active,Method 316 20x10 8x180 -18mm Gloss Black MR316210881318N,2026-04-21T16:29:23-05:00
316-gloss-black-mr316210801318n,9413393744107,active,Method 316 20x10 8x165.1 (8x6.5) -18mm Gloss Black MR316210801318N,2026-04-21T16:29:27-05:00
beadlock-machined-utv-mr40147047352b,9413398823147,active,Method 401 14x7 4x136 38mm UTV Beadlock Machined - Raw MR40147047352B,2026-04-21T16:33:28-05:00
beadlock-machined-utv-mr40147046343b,9413398888683,active,Method 401 14x7 4x156 13mm UTV Beadlock Machined - Raw MR40147046343B,2026-04-21T16:33:32-05:00
405-utv-beadlock-matte-black-mr40557047543b,9413400723691,active,Method 405 15x7 4x136 13mm UTV Beadlock Matte Black MR40557047543B,2026-04-21T16:34:51-05:00
405-utv-beadlock-matte-black-mr40557047552b,9413400821995,active,Method 405 15x7 4x136 38mm UTV Beadlock Matte Black MR40557047552B,2026-04-21T16:34:55-05:00
405-utv-beadlock-matte-black-mr40557046543b,9413400854763,active,Method 405 15x7 4x156 13mm UTV Beadlock Matte Black MR40557046543B,2026-04-21T16:34:59-05:00
405-utv-beadlock-matte-black-mr40557046552b,9413401149675,active,Method 405 15x7 4x156 38mm UTV Beadlock Matte Black MR40557046552B,2026-04-21T16:35:03-05:00
405-utv-beadlock-bronze-mr40557047943b,9413401411819,active,Method 405 15x7 4x136 13mm UTV Beadlock Method Bronze - Matte Black Lip MR40557047943B,2026-04-21T16:35:07-05:00
405-utv-beadlock-bronze-mr40557047952b,9413401444587,active,Method 405 15x7 4x136 38mm UTV Beadlock Method Bronze - Matte Black Lip MR40557047952B,2026-04-21T16:35:11-05:00
405-utv-beadlock-bronze-mr40557046943b,9413401510123,active,Method 405 15x7 4x156 13mm UTV Beadlock Method Bronze - Matte Black Lip MR40557046943B,2026-04-21T16:35:15-05:00
405-utv-beadlock-bronze-mr40557046952b,9413401542891,active,Method 405 15x7 4x156 38mm UTV Beadlock Method Bronze - Matte Black Lip MR40557046952B,2026-04-21T16:35:20-05:00
406-utv-beadlock-matte-black-mr40648047544b,9413401641195,active,Method 406 14x8 4x136 0mm UTV Beadlock Matte Black MR40648047544B,2026-04-21T16:35:24-05:00
406-utv-beadlock-matte-black-mr40648046544b,9413401673963,active,Method 406 14x8 4x156 -2mm UTV Beadlock Matte Black MR40648046544B,2026-04-21T16:35:28-05:00
406-utv-beadlock-matte-black-mr40641047555b,9413401772267,active,Method 406 14x10 4x136 0mm UTV Beadlock Matte Black MR40641047555B,2026-04-21T16:35:31-05:00
406-utv-beadlock-matte-black-mr40641046555b,9413401805035,active,Method 406 14x10 4x156 -2mm UTV Beadlock Matte Black MR40641046555B,2026-04-21T16:35:35-05:00
406-utv-beadlock-matte-black-mr40658047544b,9413401870571,active,Method 406 15x8 4x136 0mm UTV Beadlock Matte Black MR40658047544B,2026-04-21T16:35:40-05:00
406-utv-beadlock-matte-black-mr40651047555b,9413402034411,active,Method 406 15x10 4x136 0mm UTV Beadlock Matte Black MR40651047555B,2026-04-21T16:35:47-05:00
406-utv-beadlock-matte-black-mr40651046555b,9413402132715,active,Method 406 15x10 4x156 -2mm UTV Beadlock Matte Black MR40651046555B,2026-04-21T16:35:51-05:00
409-utv-beadlock-matte-black-mr40947047543,9413402558699,active,Method 409 14x7 4x136 13mm UTV Bead Grip Matte Black MR40947047543,2026-04-21T16:36:15-05:00
409-utv-beadlock-matte-black-mr40947046543,9413402624235,active,Method 409 14x7 4x156 13mm UTV Bead Grip Matte Black MR40947046543,2026-04-21T16:36:20-05:00
409-utv-beadlock-matte-black-mr40947047552,9413402689771,active,Method 409 14x7 4x136 38mm UTV Bead Grip Matte Black MR40947047552,2026-04-21T16:36:23-05:00
409-utv-beadlock-matte-black-mr40958046544,9413403082987,active,Method 409 15x8 4x156 0mm UTV Bead Grip Matte Black MR40958046544,2026-04-21T16:36:51-05:00
409-utv-beadlock-matte-black-mr40957012452,9413403246827,active,Method 409 15x7 5x114.3 (5x4.5) 38mm UTV Bead Grip Matte Black MR40957012452,2026-04-21T16:37:02-05:00
409-utv-beadlock-steel-grey-mr40947046443,9413403279595,active,Method 409 14x7 4x156 13mm UTV Bead Grip Steel Grey MR40947046443,2026-04-21T16:37:06-05:00
409-utv-beadlock-steel-grey-mr40947046452,9413403345131,active,Method 409 14x7 4x156 38mm UTV Bead Grip Steel Grey MR40947046452,2026-04-21T16:37:10-05:00
409-utv-beadlock-steel-grey-mr40958047444,9413403607275,active,Method 409 15x8 4x136 0mm UTV Bead Grip Steel Grey MR40958047444,2026-04-21T16:37:26-05:00
409-utv-beadlock-steel-grey-mr40958046444,9413403640043,active,Method 409 15x8 4x156 0mm UTV Bead Grip Steel Grey MR40958046444,2026-04-21T16:37:31-05:00
409-utv-beadlock-steel-grey-mr40951047455,9413403705579,active,Method 409 15x10 4x136 0mm UTV Bead Grip Steel Grey MR40951047455,2026-04-21T16:37:35-05:00
409-utv-beadlock-steel-grey-mr40951046455,9413403738347,active,Method 409 15x10 4x156 0mm UTV Bead Grip Steel Grey MR40951046455,2026-04-21T16:37:39-05:00
411-utv-bead-grip-matte-black-mr41147047543,9413403836651,active,Method 411 14x7 4x136 13mm UTV Bead Grip Matte Black MR41147047543,2026-04-21T16:37:44-05:00
411-utv-bead-grip-matte-black-mr41147046543,9413403869419,active,Method 411 14x7 4x156 13mm UTV Bead Grip Matte Black MR41147046543,2026-04-21T16:37:48-05:00
411-utv-bead-grip-matte-black-mr41157012552,9413404164331,active,Method 411 15x7 5x114.3 (5x4.5) 38mm UTV Bead Grip Matte Black MR41157012552,2026-04-21T16:38:07-05:00
411-utv-bead-grip-matte-black-mr41151047564,9413404229867,active,Method 411 15x10 4x136 25mm UTV Bead Grip Matte Black MR41151047564,2026-04-21T16:38:11-05:00
